modelo,accuracy,precision_macro,recall_macro,f1_macro,precision_weighted,recall_weighted,f1_weighted
SVM Linear,0.9504623513870541,0.950024881614509,0.950130153369917,0.9500770936295206,0.9504689797169412,0.9504623513870541,0.9504652480619228
Regressão Logística,0.940554821664465,0.9394470813906274,0.941617419445617,0.9402507835890923,0.9412572911064107,0.940554821664465,0.9406280160159437
