classe,quantidade,proporcao
positivo,4121,0.5445295983086681
negativo,3447,0.4554704016913319
