,precision,recall,f1-score,support
negativo,0.9450072358900145,0.946376811594203,0.945691527878349,690.0
positivo,0.9550425273390036,0.9538834951456311,0.9544626593806922,824.0
accuracy,0.9504623513870541,0.9504623513870541,0.9504623513870541,0.9504623513870541
macro avg,0.950024881614509,0.950130153369917,0.9500770936295206,1514.0
weighted avg,0.9504689797169412,0.9504623513870541,0.9504652480619228,1514.0
